ID,TimeStamp
3a460000-272d-7478-6900-08dc435ea6fa,"2024-03-13T14:08:18,717"
3a460000-272d-7478-47e7-08dc435eb8ab,"2024-03-13T14:08:48,397"
28840000-272d-7478-da1c-08dc440e04eb,"2024-03-14T11:03:38,117"
28840000-272d-7478-ea8f-08dc440e34d9,"2024-03-14T11:04:58,664"
2bde0000-272d-7478-5125-08dc44ed54ec,"2024-03-15T13:42:10,090"
2bde0000-272d-7478-14fc-08dc44ed9454,"2024-03-15T13:43:56,621"
2bde0000-272d-7478-9fb6-08dc44efd0b5,2024-03-15T13:59:56.916306
52100000-272d-7478-db8d-08dc44f01ca6,2024-03-15T14:02:04.197708
52100000-272d-7478-d0a1-08dc44f02cdb,2024-03-15T14:02:31.515709
52100000-272d-7478-495f-08dc44f078d5,2024-03-15T14:04:38.979842
52100000-272d-7478-b2a8-08dc44f0c2e6,2024-03-15T14:06:43.248404
e31e0000-272d-7478-caf9-08dc44f0fba9,2024-03-15T14:08:18.345022
cf230000-272d-7478-e7fd-08dc44f10422,2024-03-15T14:08:32.611653
e6260000-272d-7478-d63b-08dc44f12541,2024-03-15T14:09:28.148275
3f2e0000-272d-7478-0e3f-08dc44f18fff,2024-03-15T14:12:27.203647
7f400000-272d-7478-d13a-08dc44f2a6d4,2024-03-15T14:20:14.989254
